Date,Crossing ID #,Start Time,Group,Time of Crossing:,ID,Age/Sex/Class,Cross Gait,Mid Cross Behavior,Cross Complete?,Post Cross Food Behavior,Post Cross Other Behavior,Notes
7/29/25,10101,11:30:00,B,11:32:00,U,J,RN,TC,C,"FO, FE",NA,
7/29/25,10102,11:30:00,B,11:32:37,U,J,WK,NA,C,FE,NA,
7/29/25,10103,11:30:00,B,11:32:37,U,J,WK,TC,C,NA,MO,
7/29/25,10104,11:30:00,B,11:33:20,Rimba,SM,BWK,NA,C,NA,SB,
7/29/25,10105,11:30:00,B,11:33:55,U,J,RN,NA,C,NA,PL,
7/29/25,10106,11:30:00,B,11:33:56,U,J,WK,NA,C,FE,NA,
7/29/25,10107,11:30:00,B,11:36:00,Rimba,SM,WK,"MST, FE",C,NA,SG,
7/29/25,10108,11:30:00,B,11:36:50,U,J,RN,NA,C,FO,NA,
7/29/25,10109,11:30:00,B,11:39:39,Rimba,SM,RN,NA,C,NA,SG,
7/29/25,10110,11:30:00,B,11:41:15,Rimba,SM,WK,NA,C,FO,NA,
7/29/25,10111,11:30:00,B,11:41:15,U,J,WK,MST,C,FO,NA,
7/29/25,10112,11:30:00,B,11:45:00,Abu,SM,WK,NA,C,NA,SU,
7/29/25,10113,11:30:00,B,11:45:20,U,J,WK,MST,C,FO,NA,
7/29/25,10114,11:30:00,B,11:45:41,Chimp,AM,BWK,NA,C,PO,NA,
7/29/25,10115,11:30:00,B,11:45:53,U,J,WK,MST,C,"PO,FE",NA,
7/29/25,10116,11:30:00,B,11:47:00,Rimba,SM,WK,MST,I,NA,NA,
7/29/25,10117,11:30:00,B,11:47:24,U,AM,WK,"MST, PO",I,NA,NA,
7/29/25,10118,11:30:00,B,11:47:59,U,J,RN,NA,C,FE,NA,
7/29/25,10119,11:30:00,B,11:48:36,Rimba,SM,RN,MST,C,MV,NA,
7/29/25,10120,11:30:00,B,11:49:07,U,AM,WK,NA,C,NA,MO,
7/29/25,10121,11:30:00,B,11:49:07,U,J,WK,NA,C,NA,RE,
7/29/25,10122,11:30:00,B,11:49:40,U,SM,WK,"MST, FE",I,NA,NA,
7/29/25,10201,15:00:00,C1,15:10:22,Azzam,SM,RN,"TC, MST",C,NA,MO,Chasing observers (us)
7/29/25,10202,15:00:00,C1,15:10:30,Atlas,AM,RN,MST,C,NA,MO,
7/29/25,10203,15:00:00,C1,15:11:39,U,J,WK,"TC, MST",I,NA,NA,
7/29/25,10204,15:00:00,C1,15:11:39,U,J,RN,NA,C,"MV, PO",NA,VH stopped
7/29/25,10205,15:00:00,C1,15:12:16,U,J,RN,NA,C,FE,NA,VH stopped
7/29/25,10206,15:00:00,C1,15:12:16,U,AF,RN,NA,C,FE,NA,
7/29/25,10207,15:00:00,C1,15:12:48,Norma,AF,RN,NA,C,FE,NA,
7/29/25,10208,15:00:00,C1,15:12:48,U,J,RN,NA,C,FE,NA,
7/29/25,10209,15:00:00,C1,15:16:05,U,J,DR,NA,C,NA,PL,
7/29/25,10210,15:00:00,C1,15:18:35,Norma,AF,RN,NA,C,NA,AG,
7/29/25,10211,15:00:00,C1,15:18:35,U,J,RN,NA,C,NA,PL,
7/29/25,10212,15:00:00,C1,15:18:35,U,J,RN,NA,C,NA,PL,
7/29/25,10213,15:00:00,C1,15:18:56,U,AM,WK,NA,C,NA,SU,su road
7/29/25,10214,15:00:00,C1,15:19:45,Kiko,SF,BWK,NA,C,NA,RE,
7/29/25,10215,15:00:00,C1,15:19:45,U,J,BWK,NA,C,NA,SG,
7/29/25,10301,15:30:00,C1,NO CROSSINGS OCCURED,,NA,NA,,NA,,,
7/29/25,10401,16:00:00,C1,16:08:30,U,J,WK,"MST, FE",I,NA,NA,
7/29/25,10402,16:00:00,C1,16:12:00,U,AF,WK,NA,C,NA,NA,SU
7/29/25,10403,16:00:00,C1,16:14:35,U,J,RN,TC,C,OS,OS,
7/29/25,10404,16:00:00,C1,16:16:21,U,J,WK,NA,C,OS,OS,
7/29/25,10405,16:00:00,C1,16:16:30,U,J,WK,"MST, FE",I,NA,NA,
7/29/25,10406,16:00:00,C1,16:17:01,U,AM,BWK,NA,C,OS,OS,
7/29/25,10407,16:00:00,C1,16:18:30,U,AF,DR,NA,C,NA,SU,
7/29/25,10501,16:30:00,C1,16:30:36,U,AF+I,RN,NA,C,NA,SU,
7/29/25,10502,16:30:00,C1,16:35:50,U,SF,BWK,MST,I,NA,NA,
7/29/25,10503,16:30:00,C1,16:39:28,U,J,WK,TC,I,NA,NA,
7/29/25,10504,16:30:00,C1,16:41:26,U,AF,WK,NA,C,NA,SU,survey forest
7/29/25,10505,16:30:00,C1,16:42:46,U,AF,WK,"TC, MST",C,NA,SU,"survey road, same indv as 10504"
7/29/25,10506,16:30:00,C1,16:44:48,U,AF,RN,NA,C,NA,SU,"survery road, same indv as 10504"
7/29/25,10507,16:30:00,C1,16:46:29,U,AF+I,RN,NA,C,OS,OS,
7/29/25,10508,16:30:00,C1,16:46:29,U,SF,RN,TC,C,NA,SU,su @ conspecific (AF+I in 10507)
7/29/25,10509,16:30:00,C1,16:49:15,U,AF,BWK,TC,C,NA,SU,su vehicles passing
7/30/25,20101,9:20:00 AM,B,9:21:33 AM,Misses,SF,RN,NA,C,NA,MO,
7/30/25,20102,9:20:00 AM,B,9:25:24 AM,U,AM,WK,TC,C,NA,RE,
7/30/25,20103,9:20:00 AM,B,9:25:50 AM,U,J,RN,NA,C,NA,RE,
7/30/25,20104,9:20:00 AM,B,9:27:10 AM,U,J,RN,NA,C,NA,TH,
7/30/25,20105,9:20:00 AM,B,9:27:52 AM,U,AM,BWK,NA,C,OS,OS,
7/30/25,20106,9:20:00 AM,B,9:29:55 AM,Toofan,AM,WK,TC,C,OS,OS,
7/30/25,20107,9:20:00 AM,B,9:30:32 AM,Nopi,AF,DR,NA,C,NA,SU,
7/30/25,20201,9:50:00 AM,B,9:50:40 AM,Rimba,SM,WK,NA,C,NA,RE,
7/30/25,20202,9:50:00 AM,B,9:50:40 AM,Pado,AM,WK,NA,C,NA,RE,
7/30/25,20203,9:50:00 AM,B,9:50:50 AM,U,J,WK,NA,C,FE,NA,
7/30/25,20204,9:50:00 AM,B,9:51:35 AM,U,SM,WK,TC,C,FO,NA,
7/30/25,20205,9:50:00 AM,B,9:52:00,U,J,WK,TC,C,NA,SG,
7/30/25,20206,9:50:00 AM,B,9:52:48 AM,Cri,AF,WK,NA,C,NA,SU,
7/30/25,20207,9:50:00 AM,B,9:53:15 AM,Misses,AF,WK,TC,I,NA,NA,
7/30/25,20208,9:50:00 AM,B,9:53:48 AM,U,AF,WK,NA,C,NA,MO,
7/30/25,20209,9:50:00 AM,B,9:54:45 AM,Rusak,AM,WK,NA,C,NA,MO,
7/30/25,20210,9:50:00 AM,B,9:54:48 AM,U,AF,WK,NA,C,NA,MA,"manipulate plastic, carried across rd"
7/30/25,20211,9:50:00 AM,B,10:02:40 AM,Beti,AF,DR,NA,C,NA,SU,at road/us
7/30/25,20301,14:10:00,C1,14:10:59,U,AF+I,RN,NA,C,NA,MO,
7/30/25,20302,14:10:00,C1,14:10:59,U,AF,WK,TC,C,FO,NA,
7/30/25,20303,14:10:00,C1,14:10:59,U,AF,WK,NA,C,NA,MO,
7/30/25,20304,14:10:00,C1,14:14:37,U,AF+I,RN,NA,C,NA,SU,
7/30/25,20305,14:10:00,C1,14:14:37,U,AF,RN,NA,C,NA,SU,
7/30/25,20306,14:10:00,C1,14:15:32,Shealy,SF,WK,NA,C,OS,OS,
7/30/25,20307,14:10:00,C1,14:15:30,U,AM,WK,MST,C,NA,RE,
7/30/25,20308,14:10:00,C1,14:16:55,U,AF+I,WK,MST,I,NA,NA,
7/30/25,20309,14:10:00,C1,14:17:06,U,AM,WK,"MST, TC",I,NA,NA,
7/30/25,20310,14:10:00,C1,14:18:12,U,AM,WK,MST,I,NA,NA,was looking at us
7/30/25,20311,14:10:00,C1,14:18:15,U,AF+I,WK,NA,C,NA,RE,
7/30/25,20312,14:10:00,C1,14:18:20,U,AF,WK,TC,C,NA,MO,
7/30/25,20313,14:10:00,C1,14:21:57,U,AF,WK,TC,C,NA,MO,
7/30/25,20314,14:10:00,C1,14:27:26,Shealy,SF,RN,TC,C,NA,RE,
7/30/25,20401,14:40:00,C1,14:42:56,U,AF+I,WK,NA,C,FE,NA,provisioned food from other side of rd
7/30/25,20402,14:40:00,C1,14:43:52,U,AF+I,BWK,NA,I,NA,NA,
7/30/25,20403,14:40:00,C1,14:45:30,U,AF+I,BWK,TC,C,NA,RE,
7/30/25,20404,14:40:00,C1,14:45:30,U,J,WK,NA,C,NA,NA,
7/30/25,20405,14:40:00,C1,14:45:30,U,AF,WK,NA,C,NA,NA,
7/30/25,20406,14:40:00,C1,14:46:00,U,AM,WK,NA,C,NA,SU,
7/30/25,20407,14:40:00,C1,14:46:00,U,SF,WK,NA,C,NA,MO,
7/30/25,20408,14:40:00,C1,14:48:22,U,J,RN,"TC, MST",C,NA,RE,
7/30/25,20409,14:40:00,C1,14:48:25,U,AF+I,RN,NA,C,NA,MO,
7/30/25,20410,14:40:00,C1,14:49:12,U,AF+I,WK,NA,I,NA,NA,
7/30/25,20411,14:40:00,C1,14:50:09,U,J,RN,NA,C,NA,MO,
7/30/25,20412,14:40:00,C1,14:50:31,U,AF+I,BWK,TC,C,NA,SU,su road; sitting
7/30/25,20413,14:40:00,C1,14:51:00,Kiko,SF,RN,NA,I,NA,NA,
7/30/25,20414,14:40:00,C1,14:52:00,Shealy,SF,RN,TC,C,MV,NA,car stop
7/30/25,20415,14:40:00,C1,14:52:25,U,J,WK,"MST, TC, FE",C,OS,OS,"PO event, car stop"
7/30/25,20416,14:40:00,C1,14:52:36,U,AF+I,RN,NA,C,MV,NA,"PO event, car stop"
7/30/25,20417,14:40:00,C1,14:52:37,U,AF+I,WK,TC,C,MV,NA,"PO event, car stop"
7/30/25,20418,14:40:00,C1,14:52:37,U,AM,WK,NA,C,MV,NA,"PO event, car stop"
7/30/25,20419,14:40:00,C1,14:53:14,U,AF,WK,TC,C,NA,MO,"PO event, car stop"
7/30/25,20420,14:40:00,C1,14:55:39,U,J,BWK,"MST, FE",I,NA,NA,
7/30/25,20421,14:40:00,C1,14:55:54,U,AF+I,RN,NA,C,NA,SU,"su road, sit"
7/30/25,20422,14:40:00,C1,14:56:33,Mawar,J,BWK,NA,C,NA,MO,
7/30/25,20423,14:40:00,C1,14:56:40,U,J,WK,"MST, FE",I,NA,NA,
7/30/25,20424,14:40:00,C1,14:57:04,Maya,AF,RN,TC,C,NA,SU,look for mawar
7/30/25,20501,15:10:00,C1,15:16:28,Atlas,AM,BWK,NA,C,NA,"MO, SU","walk towards observers, then went into forest"
7/30/25,20502,15:10:00,C1,15:21:34,Atlas,AM,RN,NA,C,OS,OS,went into forest
7/30/25,20503,15:10:00,C1,15:23:45,Atlas,AM,WK,TC,C,NA,SU,went into forest
7/30/25,20504,15:10:00,C1,15:27:17,Maya,AF+I,BWK,TC,C,MV,NA,car stop
7/30/25,20505,15:10:00,C1,15:27:59,Maya,AF+I,WK,"TC, MST, MV",C,NA,SU,su across road
7/30/25,20601,15:40:00,C1,15:41:30,Atlas,AM,WK,NA,C,NA,SU,su forest
7/30/25,20602,15:40:00,C1,15:52:20,Atlas,AM,WK,"MST, TC",C,NA,MO,into forest
7/30/25,20603,15:40:00,C1,15:52:20,Azzam,SM,WK,MST,C,NA,SG,
7/30/25,20604,15:40:00,C1,15:54:11,U,J,RN,NA,C,NA,"VO, MO",then went to AG with Azzam
7/30/25,20605,15:40:00,C1,15:58:32,Maya,AF,WK,NA,C,NA,MO,
7/30/25,20701,16:10:00,C1,16:10:53,U,J,RN,NA,C,NA,PL,
7/30/25,20702,16:10:00,C1,16:11:00,U,J,RN,NA,C,NA,PL,
7/30/25,20703,16:10:00,C1,16:11:00,U,AF,WK,NA,C,NA,SU,
7/30/25,20704,16:10:00,C1,16:11:33,U,AF,RN,NA,C,NA,RE,attack VH
7/30/25,20705,16:10:00,C1,16:13:03,Atlas,AM,WK,NA,C,NA,AG,
7/30/25,20706,16:10:00,C1,16:19:30,Maya,AF,WK,TC,C,FO,NA,
7/30/25,20707,16:10:00,C1,16:21:30,Maya,AF,DR,MST,C,NA,MO,
7/30/25,20708,16:10:00,C1,16:22:22,U,AF+I,RN,"MST, FE",I,NA,NA,
7/30/25,20709,16:10:00,C1,16:22:41,U,J,RN,"MST, FE",I,NA,NA,
7/30/25,20710,16:10:00,C1,16:24:15,Atlas,AM,RN,NA,OS,OS,OS,
7/30/25,20711,16:10:00,C1,16:24:36,U,AF,BWK,TC,C,NA,SU,same indv. as 2712
7/30/25,20712,16:10:00,C1,16:26:57,U,AF,BWK,TC,C,NA,SU,same indv. as 2711
08/01/25,30101,9:00:00,C1,9:00:26,Azzam,SM,WK,MST,C,MV,NA,car stopped
08/01/25,30102,9:00:00,C1,9:00:26,U,AF+I,RN,NA,C,MV,NA,car stopped
08/01/25,30103,9:00:00,C1,9:00:40,U,J,BWK,NA,C,MV,NA,car stopped
08/01/25,30104,9:00:00,C1,9:01:18,U,AF+I,BWK,NA,C,NA,MO,
08/01/25,30105,9:00:00,C1,9:03:23,U,AF,BWK,TC,C,NA,RE,
08/01/25,30106,9:00:00,C1,9:04:36,U,J,RN,NA,C,NA,MO,
08/01/25,30107,9:00:00,C1,9:05:24,Shealy,SF,WK,NA,C,NA,AG,bare teeth threat; hurt limb
08/01/25,30108,9:00:00,C1,9:09:36,U,J,DR,NA,C,FE,NA,
08/01/25,30109,9:00:00,C1,9:09:49,U,AF,WK,NA,C,NA,MO,
08/01/25,30110,9:00:00,C1,9:09:49,Atlas,AM,WK,NA,C,NA,MO,
08/01/25,30111,9:00:00,C1,9:11:56,Azzam,SM,RN,"AG, MST",I,NA,NA,
08/01/25,30112,9:00:00,C1,9:11:50,U,J,WK,MST,I,NA,NA,
08/01/25,30113,9:00:00,C1,9:12:20,Atlas,AM,WK,TC,I,NA,NA,
08/01/25,30114,9:00:00,C1,9:13:40,Azzam,SM,WK,TC,C,NA,MO,
08/01/25,30115,9:00:00,C1,9:14:18,U,J,RN,"MST, FO",I,NA,NA,
08/01/25,30116,9:00:00,C1,9:15:40,Azzam,SM,BWK,TC,C,NA,SU,su road (passing VH)
08/01/25,30117,9:00:00,C1,9:18:16,U,AF,RN,TC,OS,OS,OS,
08/01/25,30118,9:00:00,C1,9:19:04,Luna,AF,WK,TC,C,NA,MO,
08/01/25,30119,9:00:00,C1,9:19:49,U,AF,BWK,NA,C,NA,SU,su road
08/01/25,30201,9:30:00,C1,9:32:50,U,J,RN,NA,C,FE,NA,PO event occured right before sample start
08/01/25,30202,9:30:00,C1,9:33:18,Azzam,SM,WK,NA,C,NA,RE,
08/01/25,30203,9:30:00,C1,9:33:50,U,J,BWK,NA,C,FE,NA,crossed w food in hand
08/01/25,30204,9:30:00,C1,9:35:48,Luna,AF,BWK,TC,C,FO,NA,
08/01/25,30205,9:30:00,C1,9:36:14,Luna,AF,BWK,NA,C,NA,MO,*37:09 group moves off roadside
08/01/25,30301,11:30:00,B,11:45:58,U,J,RN,"MST, TC",I,NA,NA,
08/01/25,30302,11:30:00,B,11:48:33,Hantu,AM,WK,NA,C,NA,MO,
08/01/25,30303,11:30:00,B,11:48:33,Pado,AM,WK,"TC, MST",C,NA,SU,
08/01/25,30304,11:30:00,B,11:49:12,Chimp,AM,WK,NA,C,NA,MO,
08/01/25,30305,11:30:00,B,11:49:12,Afwan,SM,BWK,NA,C,NA,MO,
08/01/25,30306,11:30:00,B,11:49:12,U,J,BWK,NA,C,NA,MO,
08/01/25,30401,12:00:00,B,12:04:36,Toofan,AM,WK,NA,C,NA,RE,
08/01/25,30402,12:00:00,B,12:04:36,Rimba,SM,RN,NA,C,MV,NA,
08/01/25,30403,12:00:00,B,12:05:19,Rimba,SM,RN,TC,I,NA,NA,
08/01/25,30404,12:00:00,B,12:07:20,U,J,WK,MST,I,NA,NA,
08/01/25,30405,12:00:00,B,12:08:20,Rimba,SM,WK,"MST, MST, TC",C,NA,RE,
08/01/25,30406,12:00:00,B,12:11:30,Misses,SF,BWK,NA,C,FO,NA,
08/01/25,30407,12:00:00,B,12:15:40,Caca,AF+I,WK,TC,C,NA,MO,
08/01/25,30408,12:00:00,B,12:16:12,Misses,SF,RN,NA,C,NA,SU,
08/01/25,30409,12:00:00,B,12:18:49,Caca,AF+I,RN,TC,C,NA,MO,
08/01/25,30410,12:00:00,B,12:19:03,Rimba,SM,RN,NA,C,PO,NA,
08/01/25,30501,13:38:00,B,13:38:41,U,J,WK,TC,C,"FO, FE",NA,
08/01/25,30502,13:38:00,B,13:38:45,Misses,SF,WK,NA,C,NA,MO,
08/01/25,30503,13:38:00,B,13:42:38,U,J,RN,NA,C,NA,MO,
08/01/25,30504,13:38:00,B,13:46:15,U,J,RN,NA,C,NA,MO,
08/01/25,30505,13:38:00,B,13:48:39,U,J,WK,MST,I,NA,NA,
08/01/25,30506,13:38:00,B,13:49:19,U,J,WK,MST,I,NA,NA,
08/01/25,30507,13:38:00,B,13:49:22,U,J,RN,NA,C,NA,PL,with other juvie
08/01/25,30508,13:38:00,B,13:51:20,U,J,WK,NA,C,FO,NA,
08/01/25,30509,13:38:00,B,13:53:38,Pado,AM,WK,TC,C,NA,MO,
08/01/25,30510,13:38:00,B,13:55:14,Hantu,AM,WK,NA,C,NA,MO,
08/01/25,30511,13:38:00,B,13:55:14,Yogi,SM,RN,NA,C,NA,MO,
08/01/25,30512,13:38:00,B,13:55:38,U,J,RN,TC,C,NA,MO,
08/01/25,30513,13:38:00,B,13:57:12,Chimp,AM,WK,TC,C,NA,MO,
08/01/25,30601,15:10:00,B,NO CROSSINGS OCCURRED,,NA,NA,NA,NA,,,"Before sample, Toofan incompete cross and MST to FE, TC. Mokka leaves around 3:14, leaaving only 2 indv."
08/01/25,30701,15:48:00,B,15:49:03,U,SF,WK,NA,C,NA,NA,
08/01/25,30702,15:48:00,B,15:50:04,U,J,WK,MST,I,NA,NA,
08/01/25,30703,15:48:00,B,15:50:32,U,SF,WK,TC,C,NA,NA,
08/01/25,30704,15:48:00,B,15:50:57,Rimba,SM,WK,NA,C,NA,NA,
08/01/25,30705,15:48:00,B,15:51:13,U,SF,RN,NA,C,NA,MO,
08/01/25,30706,15:48:00,B,15:51:50,Rimba,SM,WK,MST,I,NA,NA,
08/01/25,30707,15:48:00,B,15:53:24,U,J,WK,"MST, FE",I,NA,NA,
08/01/25,30708,15:48:00,B,15:54:33,Caca,AF+I,WK,TC,C,NA,RE,
08/01/25,30709,15:48:00,B,15:54:33,U,AF,RN,NA,C,NA,RE,
08/01/25,30710,15:48:00,B,15:55:02,Chimp,AM,WK,TC,C,NA,RE,
08/01/25,30711,15:48:00,B,15:55:19,U,AF,WK,NA,C,NA,SU,
08/01/25,30712,15:48:00,B,15:55:25,U,J,WK,TC,C,"FO, FE",NA,
08/01/25,30713,15:48:00,B,15:56:01,Chimp,AM,WK,NA,C,"FO, FE",NA,
08/01/25,30714,15:48:00,B,15:56:34,U,SF,WK,NA,C,NA,MO,
08/01/25,30715,15:48:00,B,15:57:15,U,J,WK,NA,C,NA,MO,
08/01/25,30716,15:48:00,B,15:57:28,U,AM,WK,NA,C,NA,SU,
08/01/25,30717,15:48:00,B,15:57:44,U,SM,WK,TC,C,NA,SU,
08/01/25,30718,15:48:00,B,15:58:22,Abu,SM,WK,MST,I,NA,NA,
08/01/25,30719,15:48:00,B,15:59:05,Rimba,SM,WK,NA,C,NA,SU,su road
08/01/25,30720,15:48:00,B,16:00:00,U,AM,WK,NA,C,OS,OS,
08/01/25,30721,15:48:00,B,16:00:00,U,AM,WK,NA,C,OS,OS,
08/01/25,30722,15:48:00,B,16:00:20,Abu,SM,WK,OS,OS,OS,OS,
08/01/25,30723,15:48:00,B,16:01:45,Chimp,AM,WK,"TC, MST",I,NA,NA,
08/01/25,30724,15:48:00,B,16:02:45,U,J,WK,NA,C,NA,SG,
08/01/25,30725,15:48:00,B,16:02:45,U,J,WK,NA,C,NA,MO,
08/01/25,30726,15:48:00,B,16:03:33,Rimba,SM,RN,NA,C,NA,MO,
08/01/25,30727,15:48:00,B,16:04:44,U,J,DR,NA,C,NA,MO,
08/01/25,30728,15:48:00,B,16:06:13,U,J,RN,MST,C,NA,RE,
08/01/25,30729,15:48:00,B,16:06:52,Rimba,SM,RN,NA,C,NA,AB,
08/01/25,30730,15:48:00,B,16:07:40,Misses,SF,WK,TC,C,OS,OS,
08/01/25,30731,15:48:00,B,16:08:20,Rimba,SM,RN,NA,C,OS,OS,
08/02/25,40101,10:42:00,C2,NO CROSSINGS OCCURED,,NA,NA,NA,NA,,,"no crossings, less than 1/2 present"
08/02/25,40201,11:12:00,C2,11:12:05,U,AM,WK,NA,C,NA,RE,in foliage next to road
08/02/25,40202,11:12:00,C2,11:12:05,U,AF,WK,TC,C,NA,RE,in foliage next to road. AF in 4202 look to juvie in 4203 when cross
08/02/25,40203,11:12:00,C2,11:12:05,U,J,WK,"MST, TC",C,NA,RE,in foliage next to road
08/02/25,40204,11:12:00,C2,11:15:24,U,AF,WK,"MST, FE",I,NA,NA,at 11:14 car stopped but group hesitant to cross
08/02/25,40205,11:12:00,C2,11:15:38,U,J,WK,"MST, FE",I,NA,NA,darts back to shoulder when traffic approaches
08/02/25,40206,11:12:00,C2,11:16:30,U,J,WK,"MST, FE",I,NA,NA,same J as 4205
08/02/25,40301,11:42:00,C2,11:55:41,U,SF,WK,MST,I,NA,NA,
08/02/25,40302,11:42:00,C2,11:57:26,U,AF,WK,"MST, FE",C,NA,RE,
08/02/25,40303,11:42:00,C2,11:57:26,U,AM,WK,NA,C,NA,RE,
08/02/25,40304,11:42:00,C2,11:57:47,U,AM,WK,TC,C,NA,SU,
08/02/25,40305,11:42:00,C2,11:58:17,U,AM,RN,NA,C,NA,SU,
08/02/25,40306,11:42:00,C2,11:58:57,U,AF,WK,FE,I,NA,NA,
08/02/25,40307,11:42:00,C2,11:59:43,U,AF+I,RN,NA,C,OS,OS,
08/02/25,40308,11:42:00,C2,11:59:43,U,J,RN,NA,C,OS,OS,
08/02/25,40309,11:42:00,C2,11:59:43,U,J,RN,NA,C,OS,OS,
08/02/25,40310,11:42:00,C2,12:00:00,U,J,WK,"MST, FO",C,NA,NA,
08/02/25,40311,11:42:00,C2,12:00:37,U,AF,WK,NA,C,NA,RE,
08/02/25,40312,11:42:00,C2,12:00:37,U,AM,WK,NA,C,NA,RE,
08/02/25,40401,13:30:00,C1,NO CROSSINGS OCCURRED,,NA,NA,NA,NA,,,"no crossings, only 3 indv present at roadside, rest in trees"
08/02/25,40501,15:20:00,C1,15:23:47,U,AF,RN,NA,C,NA,MO,AFs chasing each other (4501 & 4502)
08/02/25,40502,15:20:00,C1,15:23:47,U,AF,RN,NA,C,NA,AG,AF comforts juvie in 4503
08/02/25,40503,15:20:00,C1,15:23:47,U,J,RN,NA,C,NA,AG,
08/02/25,40504,15:20:00,C1,15:24:20,U,J,RN,NA,C,NA,RE,
08/02/25,40505,15:20:00,C1,15:24:30,U,AF,WK,TC,C,NA,AG,
08/02/25,40506,15:20:00,C1,15:25:37,Azzam,SM,WK,TC,C,NA,MO,
08/02/25,40507,15:20:00,C1,15:25:37,U,AF,WK,NA,C,NA,SU,
08/02/25,40508,15:20:00,C1,15:26:18,U,AF,WK,NA,C,NA,SG,
08/02/25,40509,15:20:00,C1,15:26:30,Atlas,AM,WK,TC,C,FO,NA,moves toward us
08/02/25,40510,15:20:00,C1,15:30:21,Atlas,AM,WK,NA,C,NA,SU,
08/02/25,40511,15:20:00,C1,15:30:38,U,AF,WK,NA,C,NA,SU,
08/02/25,40512,15:20:00,C1,15:33:32,U,J,RN,NA,C,NA,MO,juvies 4512 and 4513 cross together
08/02/25,40513,15:20:00,C1,15:33:32,U,J,RN,NA,C,NA,"MO, PL",
08/02/25,40601,15:50:00,C1,15:51:49,U,J,RN,NA,C,OS,OS,
08/02/25,40602,15:50:00,C1,15:55:53,Shealy,SF,RN,TC,C,MV,NA,car stopped
08/02/25,40603,15:50:00,C1,15:57:00,U,AF+I,RN,MST,I,NA,NA,commotion on roadside
08/02/25,40604,15:50:00,C1,15:59:30,U,AF+I,RN,NA,C,NA,RE,car still stopped
08/02/25,40605,15:50:00,C1,16:00:31,Shealy,SF,WK,NA,C,NA,SG,in proximity to car
08/02/25,40606,15:50:00,C1,16:02:13,Azzam,SM,WK,"MST, TC",C,NA,SU,su road
08/02/25,40607,15:50:00,C1,16:03:04,Azzam,SM,WK,NA,C,NA,MO,
08/02/25,40701,16:20:00,C1,16:24:06,Shealy,SF,RN,TC,C,NA,SU,su road
08/02/25,40702,16:20:00,C1,16:29:56,U,AF,BWK,TC,C,NA,MO,"no one else on road, sample incomplete"
08/05/25,50101,8:50:00,B,9:09:05,Rimba,SM,WK,MST,C,NA,"MO, SU","Three indv move off road into canopy around 9:01, another J moves off 9:02"
08/05/25,50201,9:20:00,B,9:22:38,Abu,SM,WK,NA,C,NA,SU,
08/05/25,50202,9:20:00,B,9:22:38,Chimp,AM,WK,MST,I,NA,NA,
08/05/25,50203,9:20:00,B,9:22:38,U,J,BWK,NA,C,NA,MO,
08/05/25,50204,9:20:00,B,9:23:04,Afwan,SM,WK,NA,C,NA,MO,
08/05/25,50205,9:20:00,B,9:24:06,Chimp,AM,WK,NA,C,NA,RE,
08/05/25,50206,9:20:00,B,9:25:04,Abu,SM,WK,TC,C,NA,AB,
08/05/25,50207,9:20:00,B,9:28:49,U,J,WK,MST,C,NA,PL,walked parallel in road for a few seconds
08/05/25,50208,9:20:00,B,9:31:49,Rimba,SM,RN,NA,C,NA,MO,chasing juvie
08/05/25,50209,9:20:00,B,9:32:22,Rimba,SM,WK,MST,C,NA,SU,su road
08/05/25,50210,9:20:00,B,9:34:00,Rimba,SM,RN,NA,C,NA,MO,chase juvie
08/05/25,50211,9:20:00,B,9:34:08,Rimba,SM,RN,NA,C,NA,MO,chase juvie across 5212
08/05/25,50212,9:20:00,B,9:34:08,U,J,RN,NA,C,NA,MO,being chased by Rimba 5211
08/05/25,50301,9:50:00,B,9:53:05,U,J,WK,"MST, FE",I,NA,NA,
08/05/25,50302,9:50:00,B,9:54:55,U,J,RN,NA,C,NA,RE,
08/05/25,50303,9:50:00,B,9:54:55,Rimba,SM,RN,NA,C,NA,SU,
08/05/25,50304,9:50:00,B,9:56:13,U,J,BWK,NA,C,FO,MO,
08/05/25,50305,9:50:00,B,9:56:34,Rimba,SM,RN,NA,C,NA,MO,chase juvie
08/05/25,50306,9:50:00,B,9:56:42,Rimba,SM,RN,NA,C,NA,"MO, PL",
08/05/25,50307,9:50:00,B,9:56:42,U,J,RN,NA,C,NA,"MO, PL",
08/05/25,50308,9:50:00,B,9:59:10,Rimba,SM,WK,MST,C,NA,PL,with juvie 5308
08/05/25,50309,9:50:00,B,10:00:00,U,J,"WK, RN",NA,C,NA,PL,with rimba 5307
08/05/25,50310,9:50:00,B,10:02:11,U,J,WK,NA,C,FO,MO,
08/05/25,50311,9:50:00,B,10:05:13,U,J,WK,MST,C,OS,OS,
08/05/25,50312,9:50:00,B,10:09:20,U,J,WK,NA,C,NA,RE,
08/05/25,50313,9:50:00,B,10:09:49,U,J,"WK, RN",NA,C,NA,"MO, SB",walk then run when VH approach
08/05/25,50401,10:20:00,B,10:20:00,Abu,SM,WK,TC,C,NA,"MO, RE",
08/05/25,50402,10:20:00,B,10:22:49,Yogi,SF,WK,NA,C,NA,MO,
08/05/25,50403,10:20:00,B,10:37:25,U,J,BWK,NA,C,FE,MO,crossed carrying food
08/05/25,50404,10:20:00,B,10:38:32,Yogi,SF,WK,"MST, SB, AB",I,NA,NA,with J 5406
08/05/25,50405,10:20:00,B,10:38:32,U,J,RN,NA,C,NA,MO,
08/05/25,50406,10:20:00,B,10:38:32,U,J,"RN, WK","MST, SB, AB",I,NA,NA,with Yogi 5404
08/05/25,50407,10:20:00,B,10:38:40,U,J,BWK,NA,I,NA,NA,
08/05/25,50501,10:50:00,B,10:51:54,Abu,SM,WK,"MST, SU",C,NA,MO,su trees mst
08/05/25,50502,10:50:00,B,10:52:49,U,AM,WK,NA,C,NA,RE,
08/05/25,50503,10:50:00,B,10:54:58,Chimp,AM,WK,NA,C,NA,AG,
08/05/25,50504,10:50:00,B,10:55:25,Pado,AM,WK,TC,C,NA,MO,MO towards observers
08/05/25,50505,10:50:00,B,10:58:15,U,J,WK,NA,C,NA,MO,
08/05/25,50506,10:50:00,B,10:59:20,Chimp,AM,WK,NA,C,NA,"MO, RE",
08/05/25,50601,11:20:00,B,11:20:40,U,J,WK,NA,C,NA,MO,
08/05/25,50602,11:20:00,B,11:22:10,Yogi,SF,WK,TC,C,NA,MO,
08/05/25,50603,11:20:00,B,11:22:44,Abu,SM,BWK,NA,C,NA,MO,run after cross
08/05/25,50604,11:20:00,B,11:24:20,Korra,AF,RN,NA,C,NA,"MO, RE",
08/05/25,50605,11:20:00,B,11:24:20,Hantu,AM,WK,NA,C,NA,"MO, RE",
08/05/25,50606,11:20:00,B,11:25:07,Pado,AM,WK,TC,C,NA,MO,
08/05/25,50607,11:20:00,B,11:26:45,U,J,RN,NA,C,NA,"MO, RE",
08/05/25,50608,11:20:00,B,11:30:47,Afwan,SM,WK,NA,C,NA,MO,
08/05/25,50609,11:20:00,B,11:30:51,U,J,BWK,TC,C,NA,SG,
08/05/25,50610,11:20:00,B,11:31:35,Rusak,AM,WK,NA,C,NA,"RE,MO",
08/05/25,50611,11:20:00,B,11:36:48,Rimba,SM,BWK,NA,C,NA,MO,
08/05/25,50612,11:20:00,B,11:36:48,Abu,SM,WK,NA,C,NA,SU,
08/05/25,50613,11:20:00,B,11:38:13,U,J,RN,NA,C,NA,MO,run
08/05/25,50614,11:20:00,B,11:38:13,U,J,RN,NA,C,NA,MO,run
08/05/25,50615,11:20:00,B,11:38:20,Hantu,AM,WK,NA,C,NA,MO,
08/05/25,50616,11:20:00,B,11:38:30,Abu,SM,RN,NA,C,NA,MO,
08/05/25,50617,11:20:00,B,11:38:30,Chimp,AM,WK,NA,C,NA,MO,
08/05/25,50618,11:20:00,B,11:39:36,Chimp,AM,WK,TC,C,NA,MO,
08/05/25,50701,14:00:00,C2,NO CROSSINGS OCCURRED,,NA,NA,,NA,,,
08/05/25,50801,14:30:00,C2,14:47:48,U,AF,RN,NA,C,NA,RE,
08/05/25,50901,15:05:00,C1,15:21:51,Azzam,SM,WK,MST,C,FO,MO,"VH pull up, people making noise around 15:10. Azzam hand fed, provisioning occurs at 15:18 and whole group emerges on roadside"
08/05/25,50902,15:05:00,C1,15:22:45,Azzam,SM,RN,TC,C,FE,SU,
08/05/25,51001,15:35:00,C1,15:38:59,U,AF,BWK,TC,C,NA,SU,su road; before start of sample 2 indv enter road for food
08/05/25,51002,15:35:00,C1,15:40:59,U,AF,WK,NA,C,FO,MO,
08/05/25,51003,15:35:00,C1,15:44:20,U,J,RN,"MST, TC",I,NA,NA,PO event in road at 15:44:40
08/05/25,51004,15:35:00,C1,15:44:42,U,AF,WK,NA,C,NA,MO,
08/05/25,51005,15:35:00,C1,15:44:45,U,J,RN,MST,I,NA,NA,
08/05/25,51006,15:35:00,C1,15:44:45,U,AF,WK,"MST,FE",C,NA,SU,
08/05/25,51007,15:35:00,C1,15:45:11,U,AM,WK,"MST, FE",C,FE,NA,
08/05/25,51008,15:35:00,C1,15:45:40,U,J,RN,NA,C,NA,MO,
08/05/25,51009,15:35:00,C1,15:46:27,U,AM,WK,"MST, FE",C,NA,RE,
08/05/25,51010,15:35:00,C1,15:47:25,Mira,AF,WK,NA,C,NA,SU,su road
08/05/25,51011,15:35:00,C1,15:47:25,U,AF,WK,NA,C,NA,MO,to foliage
08/05/25,51012,15:35:00,C1,15:49:40,U,AM,WK,"MST, FE",C,NA,RE,MST for over 1 minute
08/05/25,51013,15:35:00,C1,15:52:58,U,AF,RN,NA,C,NA,SU,su road
08/05/25,51101,16:05:00,C1,16:05:34,U,AF,WK,NA,C,NA,MO,after truck stop
08/05/25,51102,16:05:00,C1,16:05:34,U,SF,WK,NA,C,NA,MO,
08/05/25,51103,16:05:00,C1,16:05:34,U,J,WK,NA,C,NA,MO,
08/05/25,51104,16:05:00,C1,16:11:36,Atlas,AM,RN,NA,C,OS,OS,truck obstructing view
08/05/25,51105,16:05:00,C1,16:14:20,Atlas,AM,WK,MST,C,NA,"MO,SU",su road
08/05/25,51106,16:05:00,C1,16:16:50,Azzam,SM,RN,NA,C,NA,AB,threatun us/charge
08/05/25,51107,16:05:00,C1,16:17:00,U,J,WK,MST,I,NA,NA,went out after Azzam 51106
08/05/25,51108,16:05:00,C1,16:17:00,U,J,WK,MST,I,NA,NA,
08/05/25,51109,16:05:00,C1,16:17:00,U,J,WK,MST,I,NA,NA,
08/05/25,51110,16:05:00,C1,16:22:20,U,J,RN,"MST,FE",I,NA,NA,
08/05/25,51111,16:05:00,C1,16:23:40,U,AF,BWK,NA,C,MV,NA,car stopped
08/05/25,51112,16:05:00,C1,16:24:00,U,AF,RN,NA,C,MV,MO,
08/05/25,51113,16:05:00,C1,16:24:00,U,AF,RN,NA,C,MV,MO,
08/05/25,51114,16:05:00,C1,16:24:00,U,J,RN,NA,C,MV,MO,
08/06/25,60101,8:30:00,C1,8:32:37,Atlas,AM,WK,NA,C,NA,SU,"su road, standing"
08/06/25,60102,8:30:00,C1,8:32:37,U,AF,WK,NA,C,NA,RE,
08/06/25,60103,8:30:00,C1,8:32:40,Azzam,SM,RN,NA,C,NA,MO,
08/06/25,60104,8:30:00,C1,8:32:40,U,J,RN,NA,C,NA,MO,following Azzam
08/06/25,60105,8:30:00,C1,8:34:30,U,J,RN,NA,C,NA,MO,
08/06/25,60106,8:30:00,C1,8:34:30,U,AF+I,RN,NA,C,NA,RE,
08/06/25,60107,8:30:00,C1,8:35:02,U,J,RN,NA,C,NA,PL,
08/06/25,60108,8:30:00,C1,8:35:02,U,J,RN,NA,C,NA,PL,
08/06/25,60109,8:30:00,C1,8:35:02,U,AF+I,RN,TC,C,NA,NA,
08/06/25,60110,8:30:00,C1,8:36:00,U,AF,RN,NA,C,NA,MO,
08/06/25,60111,8:30:00,C1,8:36:00,U,J,RN,NA,C,NA,RE,
08/06/25,60112,8:30:00,C1,8:36:00,U,SF,RN,NA,C,NA,SU,
08/06/25,60113,8:30:00,C1,8:36:46,U,AF,RN,NA,C,NA,MO,folllow group
08/06/25,60114,8:30:00,C1,8:36:46,U,AF,RN,NA,C,NA,MO,follow group
08/06/25,60115,8:30:00,C1,8:37:45,U,J,RN,NA,C,NA,RE,
08/06/25,60116,8:30:00,C1,8:37:45,U,J,RN,NA,C,NA,RE,
08/06/25,60117,8:30:00,C1,8:37:45,U,J,BWK,TC,C,FO,RE,
08/06/25,60118,8:30:00,C1,8:38:49,U,J,RN,NA,C,NA,"MO, SG",
08/06/25,60119,8:30:00,C1,8:39:01,U,J,RN,NA,C,NA,MO,
08/06/25,60120,8:30:00,C1,8:40:35,U,AF+I,RN,NA,C,NA,RE,
08/06/25,60121,8:30:00,C1,8:40:38,U,J,RN,NA,C,NA,"MO,RE",
08/06/25,60122,8:30:00,C1,8:40:38,U,J,RN,NA,C,NA,"MO, AG",
08/06/25,60123,8:30:00,C1,8:40:59,U,J,RN,NA,C,NA,"MO, SU",
08/06/25,60124,8:30:00,C1,8:41:34,Shealy,SF,WK,NA,C,NA,"MO, SU",
08/06/25,60125,8:30:00,C1,8:42:40,U,AF,WK,NA,C,NA,SU,
08/06/25,60126,8:30:00,C1,8:44:41,U,J,WK,"MST, FE",I,NA,NA,
08/06/25,60127,8:30:00,C1,8:48:10,U,AF,WK,TC,C,NA,SU,
08/06/25,60128,8:30:00,C1,8:48:12,U,J,RN,NA,C,NA,PL,
08/06/25,60129,8:30:00,C1,8:48:12,U,J,RN,NA,C,NA,PL,
08/06/25,60130,8:30:00,C1,8:48:47,U,J,RN,NA,C,NA,RE,
08/06/25,60201,10:25:00,C2,10:29:09,Vega,U,WK,NA,I,NA,NA,more of group comes onto foliage by roadside at 10:26-10:27 approx.
08/06/25,60202,10:25:00,C2,10:30:54,U,SF,BWK,MST,I,NA,NA,
08/06/25,60203,10:25:00,C2,10:34:29,Awal,U,RN,NA,I,NA,NA,
08/06/25,60204,10:25:00,C2,10:34:29,U,AF,RN,NA,I,NA,NA,AF 60204 chase Awal 60203
08/06/25,60205,10:25:00,C2,10:36:08,U,AF,RN,"MST, FO",I,NA,NA,
08/06/25,60206,10:25:00,C2,10:36:18,Gris,U,WK,NA,C,NA,MO,
08/06/25,60207,10:25:00,C2,10:37:23,Reggie,AM,WK,NA,C,NA,RE,injured arm
08/06/25,60208,10:25:00,C2,10:37:46,Vega,U,WK,TC,C,NA,MO,
08/06/25,60209,10:25:00,C2,10:37:46,Pala,AF,WK,TC,C,NA,MO,
08/06/25,60210,10:25:00,C2,10:40:21,U,AM,WK,NA,I,NA,NA,
08/06/25,60211,10:25:00,C2,10:40:21,U,AM,RN,NA,I,NA,NA,
08/06/25,60212,10:25:00,C2,10:40:21,U,AF,WK,NA,I,NA,NA,
08/06/25,60213,10:25:00,C2,10:41:12,Reggie,AM,WK,MST,I,NA,NA,injured arm
08/06/25,60301,15:04:00,B,15:04:16,Abu,SM,WK,TC,C,NA,NA,
08/06/25,60302,15:04:00,B,15:04:16,U,J,WK,TC,C,NA,SU,
08/06/25,60303,15:04:00,B,15:06:00,U,SM,WK,NA,C,NA,RE,
08/06/25,60304,15:04:00,B,15:06:10,U,J,BWK,NA,C,NA,PL,
08/06/25,60305,15:04:00,B,15:06:10,Pado,AM,WK,NA,C,NA,RE,
08/06/25,60306,15:04:00,B,15:07:45,Abu,SM,BWK,MST,C,NA,SG,
08/06/25,60307,15:04:00,B,15:08:36,U,J,WK,"MST, TC",C,FO,NA,in road for over 1 min
08/06/25,60308,15:04:00,B,15:10:04,Korra,AF,BWK,NA,C,NA,SU,su road
08/06/25,60309,15:04:00,B,15:10:06,Hantu,AM,WK,NA,C,NA,SU,su road
08/06/25,60310,15:04:00,B,15:12:30,Abu,SM,WK,NA,C,NA,MO,
08/06/25,60311,15:04:00,B,15:13:00,Korra,AF,WK,NA,C,NA,RE,
08/06/25,60312,15:04:00,B,15:13:00,Chimp,AM,WK,NA,C,NA,RE,with Korra
08/06/25,60313,15:04:00,B,15:13:22,U,J,WK,NA,C,NA,MO,
08/06/25,60314,15:04:00,B,15:13:22,U,J,WK,NA,C,NA,MO,
08/06/25,60315,15:04:00,B,15:15:24,Caca,AF+I,BWK,NA,C,NA,RE,
08/06/25,60316,15:04:00,B,15:15:30,Chimp,AM,WK,NA,C,NA,RE,
08/06/25,60317,15:04:00,B,15:15:30,Korra,AF,WK,NA,C,NA,SU,su road
08/06/25,60318,15:04:00,B,15:33:00,U,J,WK,NA,C,NA,MO,
08/06/25,60319,15:04:00,B,15:18:48,Afwan,SM,WK,NA,C,NA,RE,
08/06/25,60320,15:04:00,B,15:19:12,U,J,WK,NA,C,NA,MO,
08/06/25,60321,15:04:00,B,15:19:12,Hantu,AM,WK,NA,C,NA,SU,su conspecifics
08/06/25,60322,15:04:00,B,15:20:50,Rimba,SM,RN,NA,C,NA,MO,
08/06/25,60323,15:04:00,B,15:21:10,U,AF,BWK,NA,C,NA,RE,
08/06/25,60324,15:04:00,B,15:21:19,Rimba,SM,RN,NA,C,NA,MO,
08/06/25,60325,15:04:00,B,15:21:24,Chimp,AM,WK,TC,C,NA,SU,
08/06/25,60326,15:04:00,B,15:21:45,U,AF,WK,TC,C,NA,RE,
08/06/25,60327,15:04:00,B,15:21:45,Rimba,SM,RN,NA,C,NA,RE,
08/06/25,60328,15:04:00,B,15:22:06,Rimba,SM,BWK,TC,C,MV,NA,VH stopped
08/06/25,60329,15:04:00,B,15:22:10,Hantu,AM,WK,MST,I,NA,NA,VH stopped
08/06/25,60330,15:04:00,B,15:23:06,Hantu,AM,WK,NA,C,NA,SU,
08/06/25,60331,15:04:00,B,15:23:10,Rimba,SM,RN,MST,I,NA,NA,Rimba 60331 chase Loko 60332
08/06/25,60332,15:04:00,B,15:23:10,Loko,SF,RN,MST,I,NA,NA,
08/06/25,60401,15:35:30,B,15:36:05,Toofan,AM,RN,NA,C,NA,MO,
08/06/25,60402,15:35:30,B,15:36:11,U,J, ,NA,C,FE,NA,
08/06/25,60403,15:35:30,B,15:37:01,U,J,BWK,NA,C,NA,"MO, PL",
08/06/25,60404,15:35:30,B,15:38:46,Rimba,SM,WK,NA,C,NA,MO,
08/06/25,60405,15:35:30,B,15:44:36,Loko,SF,BWK,TC,C,NA,SU,su road
08/06/25,60406,15:35:30,B,15:45:38,Korra,AF,BWK,"MST, FE",I,NA,NA,PO thrown in road
08/06/25,60407,15:35:30,B,15:45:40,Afwan,SM,WK,NA,C,NA,MO,
08/06/25,60408,15:35:30,B,15:47:59,U,J,RN,NA,C,NA,MO,
08/06/25,60409,15:35:30,B,15:48:08,U,J,WK,TC,C,NA,MO,
08/06/25,60410,15:35:30,B,15:48:32,U,J,WK,MST,I,NA,NA,
08/06/25,60411,15:35:30,B,15:50:45,U,J,WK,NA,C,NA,PL,
08/06/25,60412,15:35:30,B,15:50:45,U,J,WK,NA,C,NA,PL,
08/06/25,60413,15:35:30,B,15:50:45,Afwan,SM,WK,NA,C,OS,OS,
08/06/25,60414,15:35:30,B,15:52:22,U,J,RN,NA,C,FE,NA,
08/06/25,60415,15:35:30,B,15:52:29,U,J,BWK,"PL, MST",I,NA,NA,
08/06/25,60416,15:35:30,B,15:52:29,U,J,BWK,"PL, MST",C,NA,PL,
08/06/25,60417,15:35:30,B,15:52:29,Loko,SF,WK,MST,C,FO,NA,
08/06/25,60501,16:05:00,B,16:05:18,U,SF,BWK,NA,C,NA,MO,
08/06/25,60502,16:05:00,B,16:05:18,U,AM,WK,MST,I,NA,NA,
08/06/25,60503,16:05:00,B,16:05:55,Abu,SM,BWK,NA,C,NA,SU,su forest
08/06/25,60504,16:05:00,B,16:07:25,U,J,WK,NA,C,NA,RE,
08/06/25,60505,16:05:00,B,16:08:20,U,J,WK,TC,C,NA,RE,
08/06/25,60506,16:05:00,B,16:10:26,U,J,WK,"TC, MST",C,FO,NA,MST when VH pass
08/06/25,60507,16:05:00,B,16:11:26,U,J,WK,"MST, FE",C,NA,RE,
08/06/25,60508,16:05:00,B,16:12:05,Abu,SM,WK,TC,C,NA,SG,
08/06/25,60509,16:05:00,B,16:12:32,Loko,SF,RN,TC,C,NA,MO,
08/06/25,60510,16:05:00,B,16:12:32,U,J,RN,NA,C,FO,NA,
08/06/25,60511,16:05:00,B,16:12:45,U,J,BWK,NA,C,NA,RE,
08/06/25,60512,16:05:00,B,16:13:32,Yogi,SF,RN,NA,C,NA,MO,
08/06/25,60513,16:05:00,B,16:13:32,U,J,RN,NA,C,NA,MO,
08/06/25,60514,16:05:00,B,16:13:52,Pado,AM,WK,NA,C,NA,SU,su road
08/06/25,60515,16:05:00,B,16:13:52,Afwan,SM,WK,MST,C,NA,SU,"su road, attack VH"
08/06/25,60516,16:05:00,B,16:15:57,U,J,RN,NA,C,NA,MO,
08/06/25,60517,16:05:00,B,16:16:17,Abu,SM,RN,"MST, SG",C,NA,RE,
08/06/25,60518,16:05:00,B,16:16:55,Misses,SF,BWK,"TC, MST",C,NA,SG,
08/06/25,60519,16:05:00,B,16:17:11,U,AF,WK,NA,C,NA,RE,
08/06/25,60520,16:05:00,B,16:17:28,Chimp,AM,WK,MST,I,NA,NA,altercation occuring on other side of road
08/06/25,60521,16:05:00,B,16:18:20,Chimp,AM,WK,MST,I,NA,NA,after loud calling
08/06/25,60522,16:05:00,B,16:18:40,Misses,SF,BWK,TC,C,NA,MO,
08/06/25,60523,16:05:00,B,16:21:24,Korra,AF,BWK,NA,C,NA,"RE, AG",greet baby
08/06/25,60524,16:05:00,B,16:22:26,Korra,AF,BWK,NA,C,NA,MO,
08/06/25,60525,16:05:00,B,16:22:26,Misses,SF,WK,NA,C,NA,SU,su forest
08/06/25,60526,16:05:00,B,16:24:01,Abu,SM,BWK,NA,C,NA,SU,
08/06/25,60601,16:35:00,B,16:38:13,Caca,AF+I,RN,NA,C,NA,MO,
08/06/25,60602,16:35:00,B,16:38:20,U,J,"WK,RN",NA,C,NA,SU,su road
08/06/25,60603,16:35:00,B,16:42:44,Afwan,SM,RN,NA,C,NA,RE,group heads into forest + down road at approx 16:38:00 - 16:39:00 towards rest of group
08/06/25,60604,16:35:00,B,16:43:27,U,J,WK,NA,C,NA,PL,
08/06/25,60605,16:35:00,B,16:44:55,Misses,SF,WK,NA,C,NA,"SG, RE",
08/06/25,60606,16:35:00,B,16:46:41,Chimp,AM,"RN, WK",NA,C,NA,SU,
08/06/25,60607,16:35:00,B,16:47:45,Hantu,AM,RN,NA,C,NA,MO,while vocalizing
08/06/25,60608,16:35:00,B,16:48:20,Betti,AF,RN,MST,C,OS,OS,
08/06/25,60609,16:35:00,B,16:49:24,Pado,AM,WK,MST,I,NA,NA,
08/06/25,60610,16:35:00,B,16:49:40,U,J,WK,NA,C,OS,OS,sitting
08/06/25,60611,16:35:00,B,16:51:29,U,J,RN,NA,C,NA,PL,w/ Misses
08/06/25,60612,16:35:00,B,16:52:00,Caca,AF+I,BWK,TC,C,NA,RE,
08/06/25,60613,16:35:00,B,16:52:00,U,J,BWK,NA,C,NA,MO,
08/06/25,60614,16:35:00,B,16:52:29,Rimba,SM,WK,MST,I,OS,OS,
08/06/25,60615,16:35:00,B,16:53:02,Hantu,AM,WK,TC,C,NA,SU,su road
08/06/25,60616,16:35:00,B,16:53:12,U,J,DR,NA,C,NA,MO,ran into forest
08/06/25,60617,16:35:00,B,16:53:12,U,J,DR,NA,C,NA,MO,ran into forest
08/07/25,70101,12:25:00,C2,12:25:01,U,AF+I,BWK,TC,C,NA,RE,
08/07/25,70102,12:25:00,C2,12:26:00,U,J,BWK,NA,C,NA,RE,car stopped
08/07/25,70103,12:25:00,C2,12:26:00,U,AM,BWK,NA,C,OS,OS,car still stopped
08/07/25,70104,12:25:00,C2,12:26:09,U,AF,RN,NA,C,NA,SU,car still stopped
08/07/25,70105,12:25:00,C2,12:26:22,U,AF+I,RN,TC,C,NA,RE,cross toward car
08/07/25,70106,12:25:00,C2,12:26:22,U,AM,WK,NA,C,NA,MO,cross toward car
08/07/25,70107,12:25:00,C2,12:27:08,U,AF+I,BWK,NA,C,NA,SU,cross toward car
08/07/25,70108,12:25:00,C2,12:27:21,U,J,RN,NA,C,MV,NA,cross toward car
08/07/25,70109,12:25:00,C2,12:27:56,Reggie,AM,RN,TC,C,NA,MO,
08/07/25,70110,12:25:00,C2,12:30:27,Reggie,AM,WK,NA,C,NA,SU,su road; same car stopped for entirety of sample
08/07/25,70201,12:55:00,C2,12:58:28,U,AM,WK,MST,I,NA,NA,
08/07/25,70202,12:55:00,C2,13:03:54,U,AF,WK,"MST, TC",C,NA,MO,
08/07/25,70203,12:55:00,C2,13:05:16,U,AM,RN,NA,C,NA,OS,moving towards forest
08/07/25,70204,12:55:00,C2,13:11:16,U,SM,WK,MST,I,NA,NA,some of group move to karst/trees at 11:08
08/07/25,70301,13:25:00,B,13:28:57,Chimp,AM,WK,MST,C,NA,MO,
08/07/25,70302,13:25:00,B,13:31:20,Afwan,SM,WK,"MST, FE",C,FE,MO,
08/07/25,70303,13:25:00,B,13:32:09,U,J,RN,"MST, PL",I,NA,NA,
08/07/25,70304,13:25:00,B,13:32:09,U,J,WK,MST,C,OS,OS,
08/07/25,70305,13:25:00,B,13:32:45,Afwan,SM,WK,NA,C,OS,OS,
08/07/25,70306,13:25:00,B,13:33:30,Loko,SM,WK,NA,OS,OS,OS,
08/07/25,70307,13:25:00,B,13:33:37,U,J,WK,NA,C,FE,NA,
08/07/25,70308,13:25:00,B,13:33:58,Misses,SF,WK,NA,C,FE,NA,
08/07/25,70309,13:25:00,B,13:33:58,Rusak,AM,WK,NA,C,NA,MO,
08/07/25,70310,13:25:00,B,13:34:30,U,AM,WK,NA,C,NA,RE,
08/07/25,70311,13:25:00,B,13:34:49,Afwan,AM,WK,NA,C,FO,NA,
08/07/25,70312,13:25:00,B,13:34:53,Rimba,SM,WK,NA,C,MV,NA,
08/07/25,70313,13:25:00,B,13:36:03,U,J,WK,NA,C,FO,MO,
08/07/25,70314,13:25:00,B,13:36:58,Pado,AM,WK,NA,C,NA,RE,
08/07/25,70315,13:25:00,B,13:36:58,U,J,WK,NA,C,FO,SU,
08/07/25,70316,13:25:00,B,13:38:06,Abu,SM,WK,TC,C,FO,NA,
08/07/25,70317,13:25:00,B,13:38:21,U,J,WK,NA,C,NA,MO,
08/07/25,70318,13:25:00,B,13:39:45,U,J,BWK,MST,I,NA,NA,playing in road
08/07/25,70319,13:25:00,B,13:39:45,U,J,BWK,MST,I,NA,NA,playing in road
08/07/25,70320,13:25:00,B,13:40:03,U,AM,WK,NA,C,NA,RE,
08/07/25,70321,13:25:00,B,13:40:10,U,SF,WK,NA,C,NA,MO,
08/07/25,70322,13:25:00,B,13:41:38,Abu,SM,RN,NA,C,NA,MO,fight (responding to)
08/07/25,70323,13:25:00,B,13:41:38,U,J,RN,NA,C,NA,MO,fight
08/07/25,70324,13:25:00,B,13:41:48,U,J,RN,NA,C,NA,MO,fight
08/07/25,70325,13:25:00,B,13:43:36,Korra,AF,BWK,NA,C,NA,MO,
08/07/25,70326,13:25:00,B,13:43:36,Hantu,AM,WK,NA,C,NA,MO,
08/07/25,70401,13:55:00,B,13:55:03,U,J,RN,NA,C,FO,NA,cross w/bottle
08/07/25,70402,13:55:00,B,13:57:42,U,J,WK,MST,I,NA,NA,to pick up bottle
08/07/25,70403,13:55:00,B,13:58:30,Yogi,SF,RN,NA,C,NA,MO,
08/07/25,70404,13:55:00,B,13:59:52,Yogi,SF,RN,NA,I,NA,NA,
08/07/25,70405,13:55:00,B,13:59:55,Dirgha,SM,RN,NA,C,NA,MO,
08/07/25,70406,13:55:00,B,14:01:07,U,SF,WK,TC,C,FO,NA,
08/07/25,70407,13:55:00,B,14:04:14,Caca,AF+I,BWK,NA,C,MV,NA,
08/07/25,70408,13:55:00,B,14:05:00,U,J,RN,NA,C,MV,NA,"car stopped, PO event on roadsife"
08/07/25,70409,13:55:00,B,14:08:25,Misses,SF,RN,"MST, FE",I,NA,NA,food thrown in road
08/07/25,70410,13:55:00,B,14:09:41,U,J,WK,"TC, MST",I,NA,NA,in road over 1 min
08/07/25,70411,13:55:00,B,14:10:24,Caca,AF+I,WK,NA,C,NA,RE,
08/07/25,70412,13:55:00,B,14:10:24,Misses,SF,WK,TC,C,NA,RE,
08/07/25,70413,13:55:00,B,14:11:12,Misses,SF,RN,NA,C,NA,RE,
08/07/25,70414,13:55:00,B,14:12:13,U,J,RN,NA,C,FE,NA,Misses chase J
08/07/25,70415,13:55:00,B,14:12:13,Misses,SF,RN,NA,C,NA,MO,chasing J in 70414
08/07/25,70416,13:55:00,B,14:13:14,Misses,SF,WK,TC,C,NA,MO,
08/07/25,70417,13:55:00,B,14:13:53,U,J,WK,TC,I,NA,NA,
08/07/25,70418,13:55:00,B,14:14:04,Misses,SF,BWK,NA,C,NA,SU,su road
08/07/25,70419,13:55:00,B,14:14:29,U,J,WK,NA,C,NA,SG,
08/07/25,70420,13:55:00,B,14:14:37,Caca,AF+I,BWK,TC,C,NA,MO,
08/07/25,70501,14:25:00,B,14:27:39,U,J,WK,FE,I,NA,NA,PO in road
08/07/25,70502,14:25:00,B,14:28:19,Chimp,AM,WK,NA,C,NA,RE,
08/07/25,70503,14:25:00,B,14:28:21,Korra,AF,BWK,NA,C,NA,SU,
08/07/25,70504,14:25:00,B,14:28:46,Hantu,AM,WK,TC,C,NA,SU,su road
08/07/25,70505,14:25:00,B,14:28:50,U,J,WK,NA,C,NA,RE,
08/07/25,70506,14:25:00,B,14:28:50,Mawar,J,RN,NA,C,NA,SG,
08/07/25,70507,14:25:00,B,14:30:48,Afwan,SM,RN,TC,C,OS,OS,
08/07/25,70508,14:25:00,B,14:30:59,Loko,SF,RN,NA,C,OS,OS,
08/07/25,70509,14:25:00,B,14:38:28,Misses,SF,BWK,NA,C,NA,MO,half of group went uproad around 33:00
08/07/25,70510,14:25:00,B,14:48:50,U,J,WK,"MST, FE",I,NA,NA,
08/07/25,70511,14:25:00,B,14:50:56,U,J,RN,NA,C,NA,MO,
08/07/25,70601,14:55:00,B,14:55:11,Betti,AF,RN,NA,C,FO,NA,
08/07/25,70602,14:55:00,B,14:56:02,Rimba,SM,RN,NA,C,NA,MO,car stop
08/07/25,70603,14:55:00,B,14:56:20,Mokka,AF,WK,TC,C,OS,OS,
08/07/25,70604,14:55:00,B,14:56:57,U,J,WK,NA,C,FO,NA,manipulate plastic
08/07/25,70605,14:55:00,B,14:59:43,Afwan,SM,RN,NA,C,MV,NA,"car stop, PO event"
08/07/25,70606,14:55:00,B,15:00:31,Rusak,AM,WK,NA,C,OS,OS,
08/07/25,70607,14:55:00,B,15:05:22,Toofan,AM,WK,NA,C,NA,"MO, RE",
08/07/25,70608,14:55:00,B,15:14:19,U,J,RN,NA,C,MV,NA,VH stop
08/07/25,70609,14:55:00,B,15:14:30,U,AM,BWK,NA,C,MV,NA,VH stop
08/07/25,70610,14:55:00,B,15:14:36,Hantu,AM,WK,NA,C,MV,NA,VH stop
08/07/25,70611,14:55:00,B,15:14:40,Loko,SF,BWK,NA,C,MV,NA,VH stop
08/08/25,80101,9:00:00,C1,9:09:45,Azzam,SM,WK,TC,C,"PO, FE",MO,PO occured at end of cross
08/08/25,80102,9:00:00,C1,9:09:45,Luna,AF,BWK,TC,C,"PO, FE",MO,
08/08/25,80103,9:00:00,C1,9:15:24,Azzam,SM,"WK, RN",NA,C,NA,MO,started at walk and switched gait to run mid cross
08/08/25,80201,10:45:00,C2,10:51:21,U,AM,RN,NA,C,OS,OS,fighting displacement
08/08/25,80202,10:45:00,C2,10:51:58,U,AM,WK,NA,C,NA,MO,coming back
08/08/25,80203,10:45:00,C2,10:52:34,U,AM,RN,NA,C,NA,MO,fighting displacement
08/08/25,80204,10:45:00,C2,10:52:54,U,AM,WK,NA,C,OS,OS,coming back
08/08/25,80205,10:45:00,C2,10:54:50,Reggie,AM,WK,"MST, PO",C,FE,NA,VH stop
08/08/25,80206,10:45:00,C2,10:55:25,U,AM,WK,"MST, PO, FE",I,NA,NA,"VH stop, PO and FE in road"
08/08/25,80207,10:45:00,C2,10:56:29,Reggie,AM,BWK,TC,C,NA,SU,
08/08/25,80208,10:45:00,C2,10:58:00,U,AF,WK,"MST, FO",C,FE,NA,picked up food in road
08/08/25,80209,10:45:00,C2,10:58:36,U,AF,BWK,TC,C,NA,SU,su road; 11:03 people show up and group retreats slightly
08/08/25,80301,15:00:00,C2,15:03:21,U,AF+I,RN,NA,C,OS,OS,VH stop
08/08/25,80302,15:00:00,C2,15:03:22,U,AF+I,RN,TC,C,OS,OS,VH stop
08/08/25,80303,15:00:00,C2,15:03:45,U,AM,WK,NA,I,NA,NA,
08/08/25,80304,15:00:00,C2,15:04:26,U,J,RN,NA,I,NA,NA,
08/08/25,80305,15:00:00,C2,15:06:00,U,AF,WK,NA,C,NA,MO,
08/08/25,80306,15:00:00,C2,15:06:00,U,J,RN,NA,C,NA,MO,
08/08/25,80307,15:00:00,C2,15:06:03,U,AF+I,WK,NA,C,NA,MO,
08/08/25,80308,15:00:00,C2,15:06:03,U,AF,WK,NA,C,FO,NA,
08/08/25,80309,15:00:00,C2,15:07:28,U,AM,WK,NA,C,NA,SU,
08/08/25,80310,15:00:00,C2,15:07:49,U,AF,WK,TC,C,NA,NA,
08/08/25,80311,15:00:00,C2,15:08:15,U,J,BWK,NA,C,NA,RE,
08/08/25,80312,15:00:00,C2,15:15:20,U,AM,RN,MST,I,NA,NA,attack/lunge at car
08/08/25,80313,15:00:00,C2,15:17:11,U,SM,RN,NA,C,NA,MO,
08/08/25,80314,15:00:00,C2,15:17:16,U,SM,RN,NA,C,NA,SB,
08/08/25,80315,15:00:00,C2,15:18:06,U,AF+I,WK,MST,C,NA,MO,
08/08/25,80316,15:00:00,C2,15:18:51,U,J,WK,"MST, FE",I,NA,NA,"feed on road, run away when VH approaches"
08/08/25,80317,15:00:00,C2,15:19:41,U,J,WK,"MST, FE",I,NA,NA,feed on road
08/08/25,80401,15:30:00,C1,15:30:23,U,AF,WK,"MST, MV",I,NA,NA,VH stop on other side
08/08/25,80402,15:30:00,C1,15:30:23,U,J,WK,"MST, MV",I,NA,NA,
08/08/25,80403,15:30:00,C1,15:30:25,U,J,WK,"MST, MV",I,NA,NA,
08/08/25,80404,15:30:00,C1,15:31:14,U,J,RN,NA,C,NA,RE,
08/08/25,80405,15:30:00,C1,15:31:14,U,AF,WK,TC,C,NA,RE,
08/08/25,80406,15:30:00,C1,15:31:30,U,J,DR,NA,C,NA,PL,
08/08/25,80407,15:30:00,C1,15:31:46,U,AF,RN,NA,C,NA,MO,
08/08/25,80408,15:30:00,C1,15:32:08,U,AF,WK,NA,C,NA,RE,
08/08/25,80409,15:30:00,C1,15:33:25,U,AF+I,BWK,TC,C,NA,SU,
08/08/25,80410,15:30:00,C1,15:33:30,U,AF,WK,TC,C,NA,SU,
08/08/25,80411,15:30:00,C1,15:33:30,Atlas,AM,WK,TC,C,NA,SU,
08/08/25,80412,15:30:00,C1,15:33:50,U,J,RN,NA,C,NA,PL,
08/08/25,80413,15:30:00,C1,15:33:50,U,J,RN,NA,C,NA,PL,
08/08/25,80414,15:30:00,C1,15:34:13,U,AF,WK,NA,C,NA,MO,
08/08/25,80415,15:30:00,C1,15:34:13,U,AF,WK,NA,C,FO,NA,
08/08/25,80416,15:30:00,C1,15:34:37,U,AF,WK,NA,C,FO,NA,
08/08/25,80417,15:30:00,C1,15:34:45,U,AF,WK,NA,C,NA,RE,
08/08/25,80418,15:30:00,C1,15:34:45,U,J,WK,NA,C,FO,NA,
08/08/25,80419,15:30:00,C1,15:35:43,U,J,BWK,TC,C,MV,NA,VH stop
08/08/25,80420,15:30:00,C1,15:36:05,Atlas,AM,WK,TC,C,MV,NA,VH stop
08/08/25,80421,15:30:00,C1,15:36:45,U,J,RN,NA,C,OS,OS,VH stop
08/08/25,80422,15:30:00,C1,15:39:38,U,J,RN,NA,C,NA,MO,
08/08/25,80423,15:30:00,C1,15:41:00,U,AF+I,RN,NA,C,NA,MO,
08/08/25,80424,15:30:00,C1,15:41:00,U,J,RN,NA,C,NA,MO,
08/08/25,80425,15:30:00,C1,15:41:00,U,AF,RN,NA,C,NA,MO,
08/08/25,80426,15:30:00,C1,15:41:43,U,AF+I,BWK,MST,I,NA,NA,VH stop
08/08/25,80427,15:30:00,C1,15:41:43,U,J,BWK,MST,I,NA,NA,VH stop
08/08/25,80428,15:30:00,C1,15:41:58,U,J,RN,NA,C,MV,NA,VH stop
08/08/25,80429,15:30:00,C1,15:41:58,U,J,RN,NA,C,MV,NA,VH stop
08/08/25,80430,15:30:00,C1,15:41:58,U,AF+I,RN,NA,C,MV,NA,VH stop
08/08/25,80431,15:30:00,C1,15:42:56,U,AF+I,WK,TC,C,NA,RE,
08/08/25,80432,15:30:00,C1,15:44:06,Atlas,AM,RN,NA,C,NA,SU,other group seen
08/08/25,80433,15:30:00,C1,15:44:06,U,J,DR,NA,C,NA,MO,
08/08/25,80434,15:30:00,C1,15:44:20,Atlas,AM,RN,NA,C,OS,OS,
08/08/25,80435,15:30:00,C1,15:44:22,U,J,RN,NA,C,NA,RE,
08/08/25,80436,15:30:00,C1,15:55:58,U,AF,RN,NA,C,NA,SU,
08/08/25,80437,15:30:00,C1,15:45:00,Atlas,AM,RN,NA,C,NA,MO,chase
08/08/25,80438,15:30:00,C1,15:45:00,U,AF,WK,NA,C,NA,SU,su road
08/08/25,80439,15:30:00,C1,15:46:59,U,AF+I,RN,NA,C,OS,OS,
08/09/25,90101,9:00:00,B,9:00:03,Rusak,AM,WK,TC,C,NA,SG,
08/09/25,90102,9:00:00,B,9:01:51,Misses,SF,RN,"MST, MV",C,MV,MO,VH stop
08/09/25,90103,9:00:00,B,9:01:51,Rimba,SM,RN,"MST, MV",C,MV,MO,VH stop
08/09/25,90104,9:00:00,B,9:03:50,Misses,SF,RN,NA,C,NA,MO,
08/09/25,90105,9:00:00,B,9:04:31,Rimba,SM,RN,NA,C,NA,RE,
08/09/25,90106,9:00:00,B,9:07:17,Rusak,AM,WK,"MST, SU",I,NA,NA,
08/09/25,90107,9:00:00,B,9:07:50,Rusak,AM,WK,NA,C,NA,RE,
08/09/25,90108,9:00:00,B,9:08:09,Rimba,SM,WK,MST,C,NA,SU,su road
08/09/25,90109,9:00:00,B,9:10:54,Rimba,SM,WK,"MST, TC",C,FO,MO,*misses leaves roadside around 9:10:00
08/09/25,90110,9:00:00,B,9:11:11,Rusak,AM,BWK,TC,C,NA,MO,
08/09/25,90111,9:00:00,B,9:15:52,Pado,AM,WK,TC,C,NA,MO,
08/09/25,90112,9:00:00,B,9:16:09,Afwan,SM,BWK,NA,C,NA,MO,
08/09/25,90113,9:00:00,B,9:17:20,Abu,SM,WK,TC,C,NA,MO,
08/09/25,90201,9:30:00,B,9:47:18,Loko,SF,BWK,NA,C,NA,SU,*majority sitting in foliage; su road
08/09/25,90301,10:00:00,B,10:03:16,Rimba,SM,WK,MST,I,NA,NA,"SAMPLE INCOMPLETE. *majority group moves into forest 10:01:00, remaining individuals move to forest 10:08:00."
08/09/25,90401,10:30:00,C1,10:30:17,U,J,BWK,NA,I,NA,NA,
08/09/25,90402,10:30:00,C1,10:34:25,U,J,BWK,NA,C,NA,PL,
08/09/25,90403,10:30:00,C1,10:35:01,U,J,WK,MST,C,OS,OS,
08/09/25,90404,10:30:00,C1,10:35:10,Atlas,AM,WK,MST,I,NA,NA,
08/09/25,90405,10:30:00,C1,10:36:41,Maya,AF+I,WK,TC,C,NA,MO,
08/09/25,90406,10:30:00,C1,10:37:05,Shealy,SF,WK,NA,C,NA,RE,
08/09/25,90407,10:30:00,C1,10:37:05,Kiko,SF,WK,NA,C,NA,RE,
08/09/25,90408,10:30:00,C1,10:37:35,Maya,AF+I,WK,TC,C,NA,MO,
08/09/25,90409,10:30:00,C1,10:37:47,U,J,RN,NA,C,OS,OS,
08/09/25,90410,10:30:00,C1,10:41:25,Maya,AF+I,WK,NA,C,NA,RE,
08/09/25,90411,10:30:00,C1,10:42:14,U,J,WK,NA,I,NA,NA,
08/09/25,90412,10:30:00,C1,10:42:40,U,J,RN,MST,C,NA,MO,Azzam displace/chased across
08/09/25,90413,10:30:00,C1,10:42:40,Shealy,SF,RN,MST,C,NA,RE,Azzam displace/chased across
08/09/25,90414,10:30:00,C1,10:42:40,Kiko,SF,RN,MST,C,NA,SG,Azzam displace/chased across
08/09/25,90415,10:30:00,C1,10:45:34,U,J,DR,NA,C,OS,OS,
08/09/25,90416,10:30:00,C1,10:47:48,Azzam,SM,RN,NA,C,NA,SU,su forest
08/09/25,90417,10:30:00,C1,10:47:57,Shealy,SF,WK,"TC, MST, FO",C,FO,NA,
08/09/25,90501,11:00:00,C1,11:00:45,U,AF+I,RN,NA,C,MV,NA,VH stop
08/09/25,90502,11:00:00,C1,11:00:45,U,J,RN,NA,C,MV,NA,VH stop
08/09/25,90503,11:00:00,C1,11:00:45,U,J,RN,NA,C,MV,NA,VH stop
08/09/25,90504,11:00:00,C1,11:01:11,U,J,DR,NA,C,"MV, PO",NA,VH stop
08/09/25,90505,11:00:00,C1,11:02:18,U,AF,WK,TC,C,NA,SU,
08/09/25,90506,11:00:00,C1,11:02:56,U,J,RN,NA,C,NA,RE,
08/09/25,90507,11:00:00,C1,11:02:56,U,J,RN,NA,C,NA,MO,
08/09/25,90508,11:00:00,C1,11:03:14,U,J,RN,NA,C,NA,RE,
08/09/25,90509,11:00:00,C1,11:03:50,U,SF,RN,NA,C,NA,SU,su road
08/09/25,90510,11:00:00,C1,11:04:59,U,AF+I,RN,NA,C,NA,"MO, SU",su road
08/09/25,90511,11:00:00,C1,11:04:59,U,J,RN,NA,C,NA,MO,
08/09/25,90512,11:00:00,C1,11:06:00,Atlas,AM,BWK,TC,C,NA,MO,
08/09/25,90513,11:00:00,C1,11:07:37,U,AF,WK,TC,I,NA,NA,avoiding observers to FO
08/09/25,90514,11:00:00,C1,11:07:57,Norma,AF,WK,NA,C,NA,RE,
08/09/25,90515,11:00:00,C1,11:07:58,U,AF+I,RN,NA,C,NA,RE,
08/09/25,90516,11:00:00,C1,11:07:58,U,J,BWK,NA,C,NA,RE,
08/09/25,90517,11:00:00,C1,11:10:01,Maya,AF,BWK,TC,C,NA,MO,
08/09/25,90518,11:00:00,C1,11:10:01,Mawar,J,RN,NA,C,FO,MO,
08/09/25,90519,11:00:00,C1,11:10:01,U,AF,BWK,NA,C,NA,MO,
08/09/25,90520,11:00:00,C1,11:10:32,Atlas,AM,WK,TC,C,NA,MO,
08/09/25,90521,11:00:00,C1,11:12:08,U,AF,BWK,TC,C,NA,MO,
08/09/25,90522,11:00:00,C1,11:12:36,Maya,AF+I,WK,TC,C,NA,"SU, RE",su road
08/09/25,90523,11:00:00,C1,11:13:19,Shealy,SF,WK,TC,C,NA,MO,
08/09/25,90524,11:00:00,C1,11:15:14,Azzam,SM,WK,TC,C,NA,"SU, MO",
08/09/25,90525,11:00:00,C1,11:18:43,Azzam,SM,WK,"MST, SU",C,NA,SU,C2 in forest nearby
08/09/25,90601,11:30:00,C1,11:30:19,U,AF,WK,NA,C,NA,SU,
08/09/25,90602,11:30:00,C1,11:36:52,U,AF,WK,NA,C,"PO, FE",NA,VH stop
08/09/25,90603,11:30:00,C1,11:37:58,U,J,RN,NA,C,NA,MO,VH stop
08/09/25,90604,11:30:00,C1,11:38:57,U,SF,RN,NA,C,MV,NA,VH stop
08/09/25,90605,11:30:00,C1,11:39:09,U,AF+I,BWK,"MST, MV",C,NA,MO,VH stop
08/09/25,90606,11:30:00,C1,11:39:34,U,AF+I,BWK,MST,C,NA,SU,su VH across road
08/09/25,90607,11:30:00,C1,11:39:53,U,J,RN,"MST, PO",C,FE,NA,
08/09/25,90608,11:30:00,C1,11:40:05,U,AF+I,RN,NA,C,MV,MO,chase after VH
08/09/25,90609,11:30:00,C1,11:41:25,U,AF+I,RN,NA,C,NA,MO,
08/09/25,90610,11:30:00,C1,11:41:33,U,AF+I,RN,NA,C,NA,MO,same indv as 90609
08/09/25,90611,11:30:00,C1,11:42:55,U,AF+I,RN,NA,C,NA,RE,
08/09/25,90612,11:30:00,C1,11:43:45,Azzam,SM,WK,NA,C,NA,MO,
08/09/25,90613,11:30:00,C1,11:45:13,U,SF,WK,TC,C,FO,MO,inspect plastic
08/09/25,90614,11:30:00,C1,11:45:45,Norma,AF,BWK,TC,C,NA,MO,
08/09/25,90615,11:30:00,C1,11:45:56,U,AF+I,RN,NA,C,NA,"MO, RE",
08/09/25,90616,11:30:00,C1,11:46:35,U,J,RN,NA,C,NA,MO,
08/09/25,90617,11:30:00,C1,11:46:58,U,J,RN,NA,C,NA,PL,
08/09/25,90618,11:30:00,C1,11:46:58,U,J,RN,NA,C,NA,PL,
08/09/25,90619,11:30:00,C1,11:46:58,U,AF,WK,NA,C,NA,MO,
08/09/25,90620,11:30:00,C1,11:48:01,Atlas,AM,WK,NA,C,NA,RE,
08/09/25,90621,11:30:00,C1,11:48:01,U,J,WK,NA,C,NA,"RE, DG",
08/09/25,90701,15:40:00,B,15:41:36,Abu,SM,WK,MST,I,NA,NA,
08/09/25,90702,15:40:00,B,15:42:37,Abu,SM,WK,"MST, FO",I,NA,NA,
08/09/25,90703,15:40:00,B,15:42:51,Pado,AM,WK,MST,C,NA,"MO, SU",
08/09/25,90704,15:40:00,B,15:43:33,Abu,SM,WK,"MST, FO",I,NA,NA,
08/09/25,90705,15:40:00,B,15:44:30,Afwan,SM,WK,NA,C,NA,RE,
08/09/25,90706,15:40:00,B,15:45:09,Abu,SM,WK,NA,C,NA,SU,
08/09/25,90707,15:40:00,B,15:47:07,Pado,AM,WK,TC,C,NA,SU,su road
08/09/25,90708,15:40:00,B,15:47:21,Dirgha,SM,WK,TC,C,NA,SU,su road
08/09/25,90709,15:40:00,B,15:49:49,Dirgha,SM,WK,MST,C,NA,MO,
08/09/25,90710,15:40:00,B,15:52:37,Loko,SF,WK,TC,C,NA,MO,
08/09/25,90711,15:40:00,B,15:53:12,U,J,BWK,NA,C,NA,MO,
08/09/25,90712,15:40:00,B,15:53:12,U,J,BWK,NA,C,NA,MO,
08/09/25,90713,15:40:00,B,15:53:42,Loko,SF,RN,NA,C,NA,MO,J chasing Loko
08/09/25,90714,15:40:00,B,15:53:42,U,J,RN,NA,C,NA,MO,J chasing Loko
08/09/25,90715,15:40:00,B,15:53:42,U,J,RN,NA,C,NA,MO,J chasing Loko
08/09/25,90716,15:40:00,B,15:54:26,Dirgha,SM,WK,MST,I,NA,NA,
08/09/25,90717,15:40:00,B,15:56:24,Abu,SM,WK,MST,I,NA,NA,sit in road over 1 min
08/09/25,90718,15:40:00,B,15:56:59,Pado,AM,WK,TC,C,NA,MO,
08/09/25,90719,15:40:00,B,15:59:06,Afwan,SM,WK,"MST, FE",C,FE,RE,
08/09/25,90720,15:40:00,B,15:59:42,U,J,WK,NA,C,NA,RE,
08/09/25,90801,16:10:00,B,16:10:47,U,J,RN,NA,C,NA,RE,
08/09/25,90802,16:10:00,B,16:10:47,U,SM,WK,NA,C,FO,NA,
08/09/25,90803,16:10:00,B,16:12:12,Rusak,AM,RN,NA,C,NA,MO,
08/09/25,90804,16:10:00,B,16:12:43,Rimba,SM,WK,NA,C,NA,MO,
08/09/25,90805,16:10:00,B,16:13:30,U,J,RN,NA,C,NA,SU,su road
08/09/25,90806,16:10:00,B,16:13:55,U,J,RN,NA,C,NA,PL,
08/09/25,90807,16:10:00,B,16:14:13,Loko,SF,RN,NA,C,NA,"MO, PL",
08/09/25,90808,16:10:00,B,16:14:15,Yogi,SF,RN,NA,C,NA,"MO, PL",
08/09/25,90809,16:10:00,B,16:15:45,Rimba,SM,WK,MST,C,NA,MO,
08/09/25,90810,16:10:00,B,16:16:11,Misses,SF,WK,NA,C,FO,MO,
08/09/25,90811,16:10:00,B,16:16:49,Chimp,AM,WK,MST,I,NA,NA,
08/09/25,90812,16:10:00,B,16:17:23,U,J,BWK,NA,C,NA,RE,
08/09/25,90813,16:10:00,B,16:17:56,U,J,WK,NA,C,NA,RE,
08/09/25,90814,16:10:00,B,16:18:27,Loko,SF,WK,"MST, SB",I,NA,NA,
08/09/25,90815,16:10:00,B,16:18:27,Afwan,SM,WK,"MST, SB",I,NA,NA,
08/09/25,90816,16:10:00,B,16:18:30,U,J,WK,NA,C,NA,SU,
08/09/25,90817,16:10:00,B,16:19:13,Abu,SM,WK,"MST, FO",I,NA,NA,
08/09/25,90818,16:10:00,B,16:19:59,Abu,SM,WK,NA,C,NA,SU,su road
08/09/25,90819,16:10:00,B,16:23:10,Afwan,SM,RN,NA,C,NA,MO,
08/09/25,90820,16:10:00,B,16:23:49,U,J,WK,MST,I,NA,NA,
08/09/25,90821,16:10:00,B,16:25:27,U,J,RN,MST,I,NA,NA,
08/09/25,90822,16:10:00,B,16:25:27,U,J,RN,MST,I,NA,NA,
08/09/25,90823,16:10:00,B,16:25:27,Pado,AM,WK,MST,I,NA,NA,
08/09/25,90824,16:10:00,B,16:25:49,Misses,SF,RN,NA,C,NA,MO,
08/09/25,90825,16:10:00,B,16:26:20,Chimp,AM,WK,TC,C,NA,MO,
08/09/25,90826,16:10:00,B,16:26:38,U,AF+I,WK,MST,I,NA,NA,
08/09/25,90827,16:10:00,B,16:26:38,U,AF+I,WK,MST,I,NA,NA,
08/09/25,90828,16:10:00,B,16:27:10,Chimp,AM,RN,NA,C,NA,"MO, SU",
08/09/25,90829,16:10:00,B,16:27:58,Rusak,AM,RN,NA,C,NA,SU,
08/09/25,90830,16:10:00,B,16:28:07,U,J,RN,NA,C,NA,SU,
08/09/25,90831,16:10:00,B,16:28:45,Rimba,SM,RN,NA,C,NA,MO,
08/09/25,90832,16:10:00,B,16:28:45,Pado,AM,RN,NA,C,NA,MO,
08/09/25,90833,16:10:00,B,16:28:57,Chimp,AM,WK,NA,C,NA,SU,
08/09/25,90901,16:40:00,B,16:41:19,Dirgha,SM,WK,NA,C,NA,RE,
08/09/25,90902,16:40:00,B,16:42:30,U,J,WK,MST,C,NA,NA,
08/09/25,90903,16:40:00,B,16:42:51,U,J,WK,NA,C,NA,MO,
08/09/25,90904,16:40:00,B,16:44:10,Pado,AM,WK,NA,C,NA,SU,su road
08/09/25,90905,16:40:00,B,16:45:54,U,AF,RN,NA,C,NA,SU,
08/09/25,90906,16:40:00,B,16:45:54,U,J,RN,NA,C,NA,PL,
08/09/25,90907,16:40:00,B,16:45:54,U,J,RN,NA,C,NA,PL,
08/09/25,90908,16:40:00,B,16:46:01,Hantu,AM,WK,NA,C,NA,SU,su forest
08/09/25,90909,16:40:00,B,16:47:23,U,J,RN,NA,C,NA,MO,
08/09/25,90910,16:40:00,B,16:47:42,U,J,RN,NA,C,MV,NA,
08/09/25,90911,16:40:00,B,16:48:54,Dirgha,SM,WK,NA,C,NA,MO,
08/09/25,90912,16:40:00,B,16:49:23,Rimba,SM,BWK,NA,C,NA,MO,
08/09/25,90913,16:40:00,B,16:49:54,Abu,SM,WK,NA,C,MV,NA,
08/09/25,90914,16:40:00,B,16:49:54,Betti,AF,WK,NA,C,MV,NA,
08/09/25,90915,16:40:00,B,16:50:05,Chimp,AM,WK,NA,C,NA,SU,
08/09/25,90916,16:40:00,B,16:50:32,U,J,RN,NA,C,NA,PL,
08/09/25,90917,16:40:00,B,16:50:34,Pado,AM,WK,"TC, MST",I,NA,NA,
08/09/25,90918,16:40:00,B,16:51:40,Abu,SM,WK,NA,C,NA,AB,
08/09/25,90919,16:40:00,B,16:51:52,U,J,RN,NA,C,NA,PL,
08/09/25,90920,16:40:00,B,16:52:51,U,J,RN,NA,C,NA,PL,
08/09/25,90921,16:40:00,B,16:53:13,Chimp,AM,BWK,NA,C,NA,MO,chasing juvies
08/09/25,90922,16:40:00,B,16:54:43,Loko,SF,BWK,NA,C,NA,MO,
08/09/25,90923,16:40:00,B,16:55:16,Abu,SM,RN,NA,C,MV,NA,VH stop
08/09/25,90924,16:40:00,B,16:55:16,Dirgha,SM,WK,NA,C,MV,NZ,
08/09/25,90925,16:40:00,B,16:56:36,Hantu,AM,WK,NA,I,NA,NA,
08/09/25,90926,16:40:00,B,16:56:57,Betti,AF,BWK,NA,C,NA,"MO, RE",
08/09/25,90927,16:40:00,B,16:57:30,Dirgha,SM,BWK,NA,C,NA,RE,
08/09/25,90928,16:40:00,B,16:58:29,U,J,WK,NA,I,NA,NA,